<?xml version="1.0" encoding="UTF-8"?>

<ContentProperties DeviceType="Desktop">
  <Component type="ScriptLabel" id="Label1" x="490.0" y="80.0" fontName="Axiforma"/>
  <Component type="ScriptImage" id="Image1" x="0.0" y="0.0" fileName="{PROJECT_FOLDER}lofi-delay7.png"
             width="1000.0" height="840.0">
    <Component type="ScriptSlider" id="DrivePostGain" x="716.0" y="583.0" parentComponent="Image1"
               processorId="Saturator1" parameterId="PostGain" filmstripImage="{PROJECT_FOLDER}knobsstrip/drive out.png"
               numStrips="100.0" showValuePopup="Above" width="56.0" height="84.0"/>
    <Component type="ScriptSlider" id="Pan" x="130.0" y="540.0" parentComponent="Image1"
               processorId="Pegain" parameterId="Balance" mode="Pan" min="-100.0"
               max="100.0" stepSize="1.0" suffix="L" middlePosition="0.0" filmstripImage="{PROJECT_FOLDER}knobsstrip/pan.png"
               numStrips="100.0" height="42.0" width="90.0" showValuePopup="Above"
               isPluginParameter="1" pluginParameterName="Delay Pan"/>
  </Component>
  <Component type="ScriptSlider" id="leftdelay" x="151.0" y="256.0" mode="TempoSync"
             max="18.0" stepSize="1.0" middlePosition="9.0" filmstripImage="{PROJECT_FOLDER}knobsstrip/knob.png"
             numStrips="100.0" width="84.0" height="84.0" scaleFactor="0.8500000238418579"
             isPluginParameter="1" visible="0"/>
  <Component type="ScriptButton" id="syncms" x="468.0" y="213.0" filmstripImage="{PROJECT_FOLDER}knobsstrip/syncms.png"
             width="66.0" height="25.0"/>
  <Component type="ScriptSlider" id="rightdelay" x="768.0" y="254.0" mode="TempoSync"
             max="18.0" stepSize="1.0" middlePosition="9.0" filmstripImage="{PROJECT_FOLDER}knobsstrip/knob.png"
             numStrips="100.0" scaleFactor="0.8500000238418579" width="84.0"
             height="84.0" isPluginParameter="1" visible="0"/>
  <Component type="ScriptSlider" id="leftdelayms" x="151.0" y="256.0" mode="Time"
             max="20000.0" stepSize="1.0" suffix=" ms" middlePosition="1000.0"
             filmstripImage="{PROJECT_FOLDER}knobsstrip/knob.png" numStrips="100.0"
             scaleFactor="0.8500000238418579" width="84.0" height="84.0" isPluginParameter="1"
             pluginParameterName="Left Delay Time ms"/>
  <Component type="ScriptSlider" id="rightdelayms" x="768.0" y="254.0" mode="Time"
             max="20000.0" stepSize="1.0" suffix=" ms" middlePosition="1000.0"
             filmstripImage="{PROJECT_FOLDER}knobsstrip/knob.png" numStrips="100.0"
             width="84.0" height="84.0" scaleFactor="0.8500000238418579" isPluginParameter="1"/>
  <Component type="ScriptSlider" id="Leftfeedback" x="134.0" y="393.0" mode="NormalizedPercentage"
             suffix="%" middlePosition="0.5" filmstripImage="{PROJECT_FOLDER}knobsstrip/feedback.png"
             numStrips="100.0" showValuePopup="Above" width="114.0" height="32.0"
             isPluginParameter="1" pluginParameterName="Left Feedback"/>
  <Component type="ScriptSlider" id="Rightfeedback" x="751.0" y="393.0" mode="NormalizedPercentage"
             suffix="%" middlePosition="0.5" filmstripImage="{PROJECT_FOLDER}knobsstrip/feedback.png"
             numStrips="100.0" width="114.0" height="32.0" showValuePopup="Above"
             pluginParameterName="Rght Feedback" isPluginParameter="1"/>
  <Component type="ScriptSlider" id="Dynamics" x="375.0" y="540.0" middlePosition="-40.0"
             max="0.0" processorId="Dynamics1" parameterId="CompressorThreshold"
             filmstripImage="{PROJECT_FOLDER}knobsstrip/dynamics.png" numStrips="100.0"
             showValuePopup="Above" width="252.0" height="42.0" min="-100.0"
             mode="Decibel" isPluginParameter="1" pluginParameterName="Dynamics"/>
  <Component type="ScriptSlider" id="Compattack" x="375.0" y="583.0" middlePosition="10.0"
             max="100.0" suffix=" ms" processorId="Dynamics1" parameterId="CompressorAttack"
             mode="Time" filmstripImage="{PROJECT_FOLDER}knobsstrip/comp attack.png"
             numStrips="100.0" width="86.0" height="84.0" showValuePopup="Above"
             min="1.0"/>
  <Component type="ScriptSlider" id="Comprelease" x="464.0" y="583.0" processorId="Dynamics1"
             parameterId="CompressorRelease" mode="Time" max="300.0" suffix=" ms"
             middlePosition="10.0" filmstripImage="{PROJECT_FOLDER}knobsstrip/comp release.png"
             numStrips="100.0" width="98.0" height="84.0" showValuePopup="Above"
             min="1.0"/>
  <Component type="ScriptSlider" id="Compratio" x="564.0" y="583.0" min="1.0"
             max="32.0" middlePosition="4.0" stepSize="1.0" processorId="Dynamics1"
             parameterId="CompressorRatio" filmstripImage="{PROJECT_FOLDER}knobsstrip/comp ratio.png"
             numStrips="100.0" width="62.0" height="84.0" showValuePopup="Above"/>
  <Component type="ScriptButton" id="DynamicsButton" x="374.0" y="516.0" processorId="Dynamics1"
             parameterId="CompressorEnabled" filmstripImage="{PROJECT_FOLDER}knobsstrip/button.png"
             width="18.0" height="18.0"/>
  <Component type="ScriptButton" id="SpaceButton" x="225.0" y="516.0" processorId="Simple Reverb1"
             parameterId="Enabled" filmstripImage="{PROJECT_FOLDER}knobsstrip/button.png"
             width="18.0" height="18.0"/>
  <Component type="ScriptSlider" id="Space" x="224.0" y="540.0" processorId="Simple Reverb1"
             parameterId="WetLevel" mode="NormalizedPercentage" suffix="%"
             middlePosition="0.5" width="145.0" height="42.0" numStrips="100.0"
             filmstripImage="{PROJECT_FOLDER}knobsstrip/space.png" showValuePopup="Above"
             isPluginParameter="1" pluginParameterName="Space"/>
  <Component type="ScriptSlider" id="SpaceSize" x="225.0" y="583.0" mode="NormalizedPercentage"
             suffix="%" middlePosition="0.5" processorId="Simple Reverb1"
             parameterId="RoomSize" filmstripImage="{PROJECT_FOLDER}knobsstrip/space size.png"
             numStrips="100.0" width="47.0" height="84.0" showValuePopup="Above"/>
  <Component type="ScriptSlider" id="SpaceWidth" x="275.0" y="583.0" middlePosition="0.5"
             suffix="%" mode="NormalizedPercentage" processorId="Simple Reverb1"
             parameterId="Width" filmstripImage="{PROJECT_FOLDER}knobsstrip/space width.png"
             numStrips="100.0" showValuePopup="Above" width="46.0" height="84.0"/>
  <Component type="ScriptSlider" id="SpaceDamp" x="324.0" y="583.0" mode="NormalizedPercentage"
             suffix="%" middlePosition="0.5" processorId="Simple Reverb1"
             parameterId="Damping" filmstripImage="{PROJECT_FOLDER}knobsstrip/space damp.png"
             numStrips="100.0" showValuePopup="Above" width="46.0" height="84.0"/>
  <Component type="ScriptSlider" id="FilterLow" x="375.0" y="351.0" processorId="filtars eq HP"
             parameterId="Freq" mode="Frequency" min="20.0" max="20000.0"
             stepSize="1.0" suffix=" Hz" middlePosition="1500.0" filmstripImage="{PROJECT_FOLDER}hipass3.png"
             numStrips="100.0" showValuePopup="Left" width="123.0" height="72.0"
             isPluginParameter="1" pluginParameterName="HP Filter"/>
  <Component type="ScriptSlider" id="FilterHi" x="504.0" y="351.0" mode="Frequency"
             min="20.0" max="20000.0" stepSize="1.0" suffix=" Hz" middlePosition="1500.0"
             processorId="filtars eq LP" parameterId="Freq" filmstripImage="{PROJECT_FOLDER}lopass2.png"
             numStrips="100.0" width="123.0" height="72.0" showValuePopup="Right"
             pluginParameterName="LP Filter" isPluginParameter="1"/>
  <Component type="ScriptSlider" id="GainOutput" x="777.0" y="583.0" processorId="Simple Gain1"
             parameterId="Gain" mode="Decibel" min="-100.0" max="0.0" stepSize="0.1000000014901161"
             suffix=" dB" middlePosition="-18.0" bgColour="8625577" filmstripImage="{PROJECT_FOLDER}knobsstrip/gain output.png"
             showValuePopup="Above" numStrips="100.0" width="130.0" height="84.0"/>
  <Component type="ScriptSlider" id="Drive" x="631.0" y="540.0" processorId="Saturator1"
             parameterId="WetAmount" mode="NormalizedPercentage" suffix="%"
             middlePosition="0.5" filmstripImage="{PROJECT_FOLDER}knobsstrip/drive.png"
             width="141.0" height="42.0" numStrips="100.0" showValuePopup="Above"
             isPluginParameter="1" pluginParameterName="Drive"/>
  <Component type="ScriptSlider" id="Saturation" x="631.0" y="583.0" processorId="Saturator1"
             parameterId="Saturation" mode="NormalizedPercentage" suffix="%"
             middlePosition="0.5" filmstripImage="{PROJECT_FOLDER}knobsstrip/drive sat.png"
             numStrips="100.0" width="49.0" height="84.0" showValuePopup="Above"/>
  <Component type="ScriptSlider" id="DrivePreGain" x="684.0" y="583.0" processorId="Saturator1"
             parameterId="PreGain" mode="Decibel" max="24.0" stepSize="0.1000000014901161"
             suffix=" dB" middlePosition="13.0" filmstripImage="{PROJECT_FOLDER}knobsstrip/drive in.png"
             numStrips="100.0" width="30.0" height="84.0" showValuePopup="Above"/>
  <Component type="ScriptSlider" id="GainWetDry" x="375.0" y="259.0" mode="NormalizedPercentage"
             middlePosition="0.5" suffix="%" filmstripImage="{PROJECT_FOLDER}drywet.png"
             numStrips="100.0" width="252.0" height="77.0" showValuePopup="Above"
             isPluginParameter="1" pluginParameterName="DryWet"/>
  <Component type="ScriptButton" id="DriveButton" x="631.0" y="516.0" processorId="Saturator1"
             parameterId="Enabled" filmstripImage="{PROJECT_FOLDER}knobsstrip/button.png"
             width="18.0" height="18.0"/>
  <Component type="ScriptLabel" id="LeftLabel" x="129.0" y="214.0" fontName="Axiforma"
             fontSize="24.0" fontStyle="Regular" text="1/16" textColour="4281614148"
             visible="0"/>
  <Component type="ScriptLabel" id="LeftLabelms" x="129.0" y="214.0" text="22 ms"
             fontName="Axiforma" fontSize="24.0" fontStyle="Regular" textColour="4281614148"/>
  <Component type="ScriptLabel" id="RightLabel" x="746.0" y="214.0" fontSize="24.0"
             fontName="Axiforma" text="1/4T" fontStyle="Regular" textColour="4281614148"
             visible="0"/>
  <Component type="ScriptLabel" id="RightLabelms" x="746.0" y="214.0" text="35 ms"
             fontName="Axiforma" fontSize="24.0" fontStyle="Regular" textColour="4281614148"/>
  <Component type="ScriptPanel" id="PRESET_Bar" x="0" y="86" width="1000"
             height="50" itemColour="8625577" itemColour2="8625577" textColour="268435455"
             borderSize="0" borderRadius="0">
    <Component type="ScriptPanel" id="PresetDisplay" x="235" y="0" width="512"
               height="53" tooltip="Click to show the Preset browser" parentComponent="PRESET_Bar"/>
    <Component type="ScriptButton" id="PRESET_Opener" x="1" y="1" text="PRESET BRO"
               width="1000" height="50" bgColour="8625577" itemColour="8625577"
               itemColour2="8625577" isMomentary="1" parentComponent="PRESET_Bar"
               filmstripImage="{PROJECT_FOLDER}knobsstrip/not-seen.png"/>
    <Component type="ScriptPanel" id="UpButton" x="784" y="11" width="50" height="25"
               tooltip="Load next user preset" allowCallbacks="Clicks &amp; Hover"
               parentComponent="PRESET_Bar"/>
    <Component type="ScriptPanel" id="DownButton" x="168" y="11" width="50"
               height="25" tooltip="Load previous user preset" parentComponent="PRESET_Bar"
               allowCallbacks="Clicks &amp; Hover"/>
  </Component>
  <Component type="ScriptPanel" id="PRESET_Container" x="0" y="135" width="1000"
             height="400" itemColour="4281023811" itemColour2="4281023811"
             textColour="268435455" borderSize="1" borderRadius="0" visible="0">
    <Component type="ScriptButton" id="PRESET_Closer" x="960" y="15" text="CLOSE"
               width="86" height="28" bgColour="16777215" itemColour="371335714"
               itemColour2="4077981969" parentComponent="PRESET_Container" isMomentary="1"
               filmstripImage="{PROJECT_FOLDER}knobsstrip/x2.png"/>
    <Component type="ScriptFloatingTile" id="PRESET_Browser" x="105" y="5" ContentType="PresetBrowser"
               width="800.0" height="390.0" bgColour="2767938" itemColour="4286095275"
               itemColour2="4286095275" parentComponent="PRESET_Container" Font="Axiforma"
               Data="{&#13;&#10;  &quot;ShowSaveButton&quot;: true,&#13;&#10;  &quot;ShowExpansionsAsColumn&quot;: false,&#13;&#10;  &quot;ShowFolderButton&quot;: true,&#13;&#10;  &quot;ShowNotes&quot;: false,&#13;&#10;  &quot;ShowEditButtons&quot;: true,&#13;&#10;  &quot;ShowFavoriteIcon&quot;: true,&#13;&#10;  &quot;NumColumns&quot;: 2,&#13;&#10;  &quot;ColumnWidthRatio&quot;: [&#13;&#10;    0.3333333333333333,&#13;&#10;    0.3333333333333333,&#13;&#10;    0.3333333333333333&#13;&#10;  ]&#13;&#10;}"
               itemColour3="4286095275" textColour="4286095275"/>
  </Component>
  <Component type="ScriptSlider" id="Stereo" x="130.0" y="583.0" processorId="Pegain"
             parameterId="Width" max="200.0" filmstripImage="{PROJECT_FOLDER}knobsstrip/pan stereo.png"
             numStrips="100.0" showValuePopup="Above" width="90.0" height="84.0"
             isPluginParameter="1" pluginParameterName="Stereo"/>
</ContentProperties>
