<?xml version="1.0" encoding="UTF-8"?>

<Network ID="snex_node" AllowCompilation="1" AllowPolyphonic="0" CompileChannelAmount="2">
  <Node ID="snex_node" FactoryPath="container.chain" Bypassed="0" NodeColour="0"
        Comment="" ShowParameters="1">
    <Properties>
      <Property ID="IsVertical" Value="1"/>
    </Properties>
    <Nodes>
      <Node ID="snex_node_" FactoryPath="core.snex_node" Bypassed="0" NodeColour="0"
            Comment="">
        <Properties>
          <Property ID="ClassId" Value="snex_node1"/>
        </Properties>
        <ComplexData>
          <Tables/>
          <SliderPacks/>
          <AudioFiles/>
          <Filters/>
          <DisplayBuffers/>
        </ComplexData>
        <Parameters>
          <Parameter MinValue="0.0" MaxValue="1.0" StepSize="0.0" SkewFactor="1.0"
                     ID="Parameter1" Value="0.0" Automated="1"/>
        </Parameters>
      </Node>
    </Nodes>
    <Parameters>
      <Parameter MinValue="0.0" MaxValue="1.0" StepSize="0.0" SkewFactor="1.0"
                 ID="Parameter1" Value="0.0">
        <Connections>
          <Connection NodeId="snex_node_" ParameterId="Parameter1"/>
        </Connections>
      </Parameter>
    </Parameters>
  </Node>
</Network>
