<?xml version="1.0" encoding="UTF-8"?>

<Processor Type="SynthChain" ID="MOJOFI 02" Bypassed="0" Gain="1.0" Balance="0.0"
           VoiceLimit="64.0" KillFadeTime="20.0" IconColour="0" packageName=""
           BuildVersion="650">
  <ChildProcessors>
    <Processor Type="MidiProcessorChain" ID="Midi Processor" Bypassed="0">
      <ChildProcessors>
        <Processor Type="ScriptProcessor" ID="Script Processor1" Bypassed="0">
          <ChildProcessors/>
          <Content>
            <Control type="ScriptSlider" id="DrivePostGain" value="0.3300000131130219"/>
            <Control type="ScriptSlider" id="Pan" value="0.0"/>
            <Control type="ScriptSlider" id="leftdelay" value="11.0"/>
            <Control type="ScriptButton" id="syncms" value="0.0"/>
            <Control type="ScriptSlider" id="rightdelay" value="6.0"/>
            <Control type="ScriptSlider" id="leftdelayms" value="22.0"/>
            <Control type="ScriptSlider" id="rightdelayms" value="35.0"/>
            <Control type="ScriptSlider" id="Leftfeedback" value="0.07999999821186066"/>
            <Control type="ScriptSlider" id="Rightfeedback" value="0.07999999821186066"/>
            <Control type="ScriptSlider" id="Dynamics" value="-18.0"/>
            <Control type="ScriptSlider" id="Compattack" value="1.0"/>
            <Control type="ScriptSlider" id="Comprelease" value="42.31999969482422"/>
            <Control type="ScriptSlider" id="Compratio" value="2.0"/>
            <Control type="ScriptButton" id="DynamicsButton" value="1.0"/>
            <Control type="ScriptButton" id="SpaceButton" value="1.0"/>
            <Control type="ScriptSlider" id="Space" value="0.09999999403953552"/>
            <Control type="ScriptSlider" id="SpaceSize" value="0.5299999713897705"/>
            <Control type="ScriptSlider" id="SpaceWidth" value="0.2300000041723251"/>
            <Control type="ScriptSlider" id="SpaceDamp" value="0.9100000262260437"/>
            <Control type="ScriptSlider" id="FilterLow" value="1209.0"/>
            <Control type="ScriptSlider" id="FilterHi" value="20000.0"/>
            <Control type="ScriptSlider" id="GainOutput" value="-1.099998474121094"/>
            <Control type="ScriptSlider" id="Drive" value="0.75"/>
            <Control type="ScriptSlider" id="Saturation" value="0.3300000131130219"/>
            <Control type="ScriptSlider" id="DrivePreGain" value="6.5"/>
            <Control type="ScriptSlider" id="GainWetDry" value="0.1599999964237213"/>
            <Control type="ScriptButton" id="DriveButton" value="1.0"/>
            <Control type="ScriptButton" id="PRESET_Opener" value="0.0"/>
            <Control type="ScriptButton" id="PRESET_Closer" value="0.0"/>
            <Control type="ScriptSlider" id="Stereo" value="84.79999542236328"/>
          </Content>
          <UIData Source="MOJOFI 02UIData"/>
        </Processor>
      </ChildProcessors>
    </Processor>
    <Processor Type="ModulatorChain" ID="GainModulation" Bypassed="0" Intensity="1.0">
      <ChildProcessors/>
    </Processor>
    <Processor Type="ModulatorChain" ID="PitchModulation" Bypassed="1" Intensity="0.0">
      <ChildProcessors/>
    </Processor>
    <Processor Type="EffectChain" ID="FX" Bypassed="0">
      <ChildProcessors>
        <Processor Type="RouteFX" ID="Send 1-2 to 3-4" Bypassed="0">
          <ChildProcessors/>
          <RoutingMatrix NumSourceChannels="4" Channel0="0" Send0="2" Channel1="1" Send1="3"
                         Channel2="-1" Send2="-1" Channel3="-1" Send3="-1"/>
        </Processor>
        <Processor Type="SimpleGain" ID="Dry" Bypassed="0" Gain="-1.514414548873901"
                   Delay="0.0" Width="100.0" Balance="0.0" InvertPolarity="0.0">
          <ChildProcessors>
            <Processor Type="ModulatorChain" ID="Gain Modulation" Bypassed="0" Intensity="1.0">
              <ChildProcessors/>
            </Processor>
            <Processor Type="ModulatorChain" ID="Delay Modulation" Bypassed="0" Intensity="1.0">
              <ChildProcessors/>
            </Processor>
            <Processor Type="ModulatorChain" ID="Width Modulation" Bypassed="0" Intensity="1.0">
              <ChildProcessors/>
            </Processor>
            <Processor Type="ModulatorChain" ID="Pan Modulation" Bypassed="0" Intensity="1.0">
              <ChildProcessors/>
            </Processor>
          </ChildProcessors>
          <RoutingMatrix NumSourceChannels="4" Channel0="0" Send0="-1" Channel1="1" Send1="-1"
                         Channel2="-1" Send2="-1" Channel3="-1" Send3="-1"/>
        </Processor>
        <Processor Type="SimpleGain" ID="Wet" Bypassed="0" Gain="-15.91760063171387"
                   Delay="0.0" Width="100.0" Balance="0.0" InvertPolarity="0.0">
          <ChildProcessors>
            <Processor Type="ModulatorChain" ID="Gain Modulation" Bypassed="0" Intensity="1.0">
              <ChildProcessors/>
            </Processor>
            <Processor Type="ModulatorChain" ID="Delay Modulation" Bypassed="0" Intensity="1.0">
              <ChildProcessors/>
            </Processor>
            <Processor Type="ModulatorChain" ID="Width Modulation" Bypassed="0" Intensity="1.0">
              <ChildProcessors/>
            </Processor>
            <Processor Type="ModulatorChain" ID="Pan Modulation" Bypassed="0" Intensity="1.0">
              <ChildProcessors/>
            </Processor>
          </ChildProcessors>
          <RoutingMatrix NumSourceChannels="4" Channel0="-1" Send0="-1" Channel1="-1"
                         Send1="-1" Channel2="2" Send2="-1" Channel3="3" Send3="-1"/>
        </Processor>
        <Processor Type="Delay" ID="Delay2" Bypassed="0" DelayTimeLeft="22.0" DelayTimeRight="35.0"
                   FeedbackLeft="0.07999999821186066" FeedbackRight="0.07999999821186066"
                   LowPassFreq="20000.0" HiPassFreq="40.0" Mix="1.0" TempoSync="0.0">
          <ChildProcessors/>
          <RoutingMatrix NumSourceChannels="4" Channel0="-1" Send0="-1" Channel1="-1"
                         Send1="-1" Channel2="2" Send2="-1" Channel3="3" Send3="-1"/>
        </Processor>
        <Processor Type="Delay" ID="Delay1" Bypassed="1" DelayTimeLeft="11.0" DelayTimeRight="6.0"
                   FeedbackLeft="0.07999999821186066" FeedbackRight="0.07999999821186066"
                   LowPassFreq="20000.0" HiPassFreq="40.0" Mix="1.0" TempoSync="1.0">
          <ChildProcessors/>
          <RoutingMatrix NumSourceChannels="4" Channel0="-1" Send0="-1" Channel1="-1"
                         Send1="-1" Channel2="2" Send2="-1" Channel3="3" Send3="-1"/>
        </Processor>
        <Processor Type="SimpleReverb" ID="Simple Reverb1" Bypassed="0" RoomSize="0.5299999713897705"
                   Damping="0.9100000262260437" WetLevel="0.09999999403953552" DryLevel="0.8999999761581421"
                   Width="0.2300000041723251" FreezeMode="0.1000000014901161">
          <ChildProcessors/>
          <RoutingMatrix NumSourceChannels="4" Channel0="-1" Send0="-1" Channel1="-1"
                         Send1="-1" Channel2="2" Send2="-1" Channel3="3" Send3="-1"/>
        </Processor>
        <Processor Type="CurveEq" ID="Parametriq EQ1" Bypassed="0" NumFilters="1"
                   Band0="-10.75862121582031" Band1="4525.9990234375" Band2="0.9599999785423279"
                   Band3="1.0" Band4="0.0" FFTEnabled="1">
          <ChildProcessors/>
          <RoutingMatrix NumSourceChannels="4" Channel0="-1" Send0="-1" Channel1="-1"
                         Send1="-1" Channel2="2" Send2="-1" Channel3="3" Send3="-1"/>
        </Processor>
        <Processor Type="Dynamics" ID="Dynamics1" Bypassed="0" GateEnabled="0.0"
                   GateThreshold="0.0" GateAttack="1.0" GateRelease="100.0" CompressorEnabled="1.0"
                   CompressorThreshold="-18.0" CompressorRatio="2.0" CompressorAttack="1.0"
                   CompressorRelease="42.31999969482422" LimiterEnabled="0.0" LimiterThreshold="0.0"
                   LimiterAttack="1.0" LimiterRelease="10.0" CompressorMakeup="1.0"
                   LimiterMakeup="0.0">
          <ChildProcessors/>
          <RoutingMatrix NumSourceChannels="4" Channel0="-1" Send0="-1" Channel1="-1"
                         Send1="-1" Channel2="2" Send2="-1" Channel3="3" Send3="-1"/>
        </Processor>
        <Processor Type="CurveEq" ID="filtars eq LP" Bypassed="0" NumFilters="1"
                   Band0="0.3310355246067047" Band1="20000.0" Band2="1.0" Band3="1.0"
                   Band4="0.0" FFTEnabled="1">
          <ChildProcessors/>
          <RoutingMatrix NumSourceChannels="4" Channel0="-1" Send0="-1" Channel1="-1"
                         Send1="-1" Channel2="2" Send2="-1" Channel3="3" Send3="-1"/>
        </Processor>
        <Processor Type="CurveEq" ID="filtars eq HP" Bypassed="0" NumFilters="1"
                   Band0="0.2000002264976501" Band1="1209.0" Band2="0.8299999833106995"
                   Band3="1.0" Band4="1.0" FFTEnabled="1">
          <ChildProcessors/>
          <RoutingMatrix NumSourceChannels="4" Channel0="-1" Send0="-1" Channel1="-1"
                         Send1="-1" Channel2="2" Send2="-1" Channel3="3" Send3="-1"/>
        </Processor>
        <Processor Type="Saturator" ID="Saturator1" Bypassed="0" Saturation="0.3300000131130219"
                   WetAmount="0.75" PreGain="6.500000476837158" PostGain="0.3299998939037323">
          <ChildProcessors>
            <Processor Type="ModulatorChain" ID="Saturation Modulation" Bypassed="0"
                       Intensity="1.0">
              <ChildProcessors/>
            </Processor>
          </ChildProcessors>
          <RoutingMatrix NumSourceChannels="4" Channel0="-1" Send0="-1" Channel1="-1"
                         Send1="-1" Channel2="2" Send2="-1" Channel3="3" Send3="-1"/>
        </Processor>
        <Processor Type="SimpleGain" ID="Pegain" Bypassed="0" Gain="0.0" Delay="0.0"
                   Width="84.79999542236328" Balance="0.0" InvertPolarity="0.0">
          <ChildProcessors>
            <Processor Type="ModulatorChain" ID="Gain Modulation" Bypassed="0" Intensity="1.0">
              <ChildProcessors/>
            </Processor>
            <Processor Type="ModulatorChain" ID="Delay Modulation" Bypassed="0" Intensity="1.0">
              <ChildProcessors/>
            </Processor>
            <Processor Type="ModulatorChain" ID="Width Modulation" Bypassed="0" Intensity="1.0">
              <ChildProcessors/>
            </Processor>
            <Processor Type="ModulatorChain" ID="Pan Modulation" Bypassed="0" Intensity="1.0">
              <ChildProcessors/>
            </Processor>
          </ChildProcessors>
          <RoutingMatrix NumSourceChannels="4" Channel0="-1" Send0="-1" Channel1="-1"
                         Send1="-1" Channel2="2" Send2="-1" Channel3="3" Send3="-1"/>
        </Processor>
        <Processor Type="RouteFX" ID="sum 3-4 with 1-2" Bypassed="0">
          <ChildProcessors/>
          <RoutingMatrix NumSourceChannels="4" Channel0="0" Send0="-1" Channel1="1" Send1="-1"
                         Channel2="-1" Send2="0" Channel3="-1" Send3="1"/>
        </Processor>
        <Processor Type="SimpleGain" ID="cut 3-4" Bypassed="0" Gain="-100.0" Delay="0.0"
                   Width="100.0" Balance="0.0" InvertPolarity="0.0">
          <ChildProcessors>
            <Processor Type="ModulatorChain" ID="Gain Modulation" Bypassed="0" Intensity="1.0">
              <ChildProcessors/>
            </Processor>
            <Processor Type="ModulatorChain" ID="Delay Modulation" Bypassed="0" Intensity="1.0">
              <ChildProcessors/>
            </Processor>
            <Processor Type="ModulatorChain" ID="Width Modulation" Bypassed="0" Intensity="1.0">
              <ChildProcessors/>
            </Processor>
            <Processor Type="ModulatorChain" ID="Pan Modulation" Bypassed="0" Intensity="1.0">
              <ChildProcessors/>
            </Processor>
          </ChildProcessors>
          <RoutingMatrix NumSourceChannels="4" Channel0="-1" Send0="-1" Channel1="-1"
                         Send1="-1" Channel2="2" Send2="-1" Channel3="3" Send3="-1"/>
        </Processor>
        <Processor Type="RouteFX" ID="channels to output" Bypassed="0">
          <ChildProcessors/>
          <RoutingMatrix NumSourceChannels="4" Channel0="0" Send0="-1" Channel1="1" Send1="-1"
                         Channel2="-1" Send2="-1" Channel3="-1" Send3="-1"/>
        </Processor>
        <Processor Type="SimpleGain" ID="Simple Gain1" Bypassed="0" Gain="-1.099998354911804"
                   Delay="0.0" Width="100.0" Balance="0.0" InvertPolarity="0.0">
          <ChildProcessors>
            <Processor Type="ModulatorChain" ID="Gain Modulation" Bypassed="0" Intensity="1.0">
              <ChildProcessors/>
            </Processor>
            <Processor Type="ModulatorChain" ID="Delay Modulation" Bypassed="0" Intensity="1.0">
              <ChildProcessors/>
            </Processor>
            <Processor Type="ModulatorChain" ID="Width Modulation" Bypassed="0" Intensity="1.0">
              <ChildProcessors/>
            </Processor>
            <Processor Type="ModulatorChain" ID="Pan Modulation" Bypassed="0" Intensity="1.0">
              <ChildProcessors/>
            </Processor>
          </ChildProcessors>
          <RoutingMatrix NumSourceChannels="4" Channel0="0" Send0="-1" Channel1="1" Send1="-1"
                         Channel2="-1" Send2="-1" Channel3="-1" Send3="-1"/>
        </Processor>
      </ChildProcessors>
    </Processor>
  </ChildProcessors>
  <RoutingMatrix NumSourceChannels="4" Channel0="0" Send0="-1" Channel1="1" Send1="-1"
                 Channel2="0" Send2="-1" Channel3="1" Send3="-1"/>
  <macro_controls>
    <macro name="Macro 1" value="0.0" midi_cc="-1"/>
    <macro name="Macro 2" value="0.0" midi_cc="-1"/>
    <macro name="Macro 3" value="0.0" midi_cc="-1"/>
    <macro name="Macro 4" value="0.0" midi_cc="-1"/>
    <macro name="Macro 5" value="0.0" midi_cc="-1"/>
    <macro name="Macro 6" value="0.0" midi_cc="-1"/>
    <macro name="Macro 7" value="0.0" midi_cc="-1"/>
    <macro name="Macro 8" value="0.0" midi_cc="-1"/>
  </macro_controls>
  <MidiAutomation/>
  <MPEData Enabled="0"/>
</Processor>
