<?xml version="1.0" encoding="UTF-8"?>

<ProjectSettings>
  <Name value="Mojo-Fi"/>
  <Version value="1.0.1"/>
  <Description value=""/>
  <BundleIdentifier value="com.RedSounds.mojofi"/>
  <PluginCode value="Mojo"/>
  <EmbedAudioFiles value="Yes"/>
  <EmbedImageFiles value="Yes"/>
  <SupportFullDynamicsHLAC value="No"/>
  <AdditionalDspLibraries value=""/>
  <OSXStaticLibs value=""/>
  <WindowsStaticLibFolder value=""/>
  <ExtraDefinitionsWindows value=""/>
  <ExtraDefinitionsOSX value=""/>
  <ExtraDefinitionsIOS value=""/>
  <ExtraDefinitionsLinux value=""/>
  <AppGroupID value=""/>
  <RedirectSampleFolder value=""/>
  <AAXCategoryFX value="AAX_ePlugInCategory_Modulation"/>
  <SupportMonoFX value="1"/>
  <EnableMidiInputFX value="1"/>
  <EnableSoundGeneratorsFX value="No"/>
  <VST3Support value="1"/>
  <UseRawFrontend value="No"/>
  <ExpansionType value="Disabled"/>
  <EncryptionKey value=""/>
  <LinkExpansionsToProject value="No"/>
  <ReadOnlyFactoryPresets value="No"/>
</ProjectSettings>
